date,ISIN,ticker,name,Country,event_type,rank_final,rank_prev,ric
2024-01-02,DE0005470405,LXS.DE,LANXESS,DE,ADD,537.0,606.0,LXSG.DE
2024-01-02,GB00BN4HT335,INDV.L,INDIVIOR,GB,DELETE,638.0,576.0,INDV.L
2024-01-02,CH0002178181,SRAIL.S,STADLER RAIL AG,CH,DELETE,634.0,588.0,SRAIL.S
2024-01-02,SE0015671995,HEM.ST,HEMNET,SE,DELETE,633.0,589.0,HEM.ST
2024-01-02,ES0124244E34,MAP.MC,MAPFRE,ES,DELETE,629.0,584.0,MAP.MC
2024-01-02,NL0009432491,VOPA.AS,VOPAK,NL,DELETE,627.0,582.0,VOPA.AS
2024-01-02,DK0010234467,FLS.CO,FLSMIDTH & COMPANY,DK,DELETE,620.0,599.0,FLS.CO
2024-01-02,CH0496451508,SWON.S,SOFTWAREONE HOLDING,CH,DELETE,619.0,562.0,SWON.S
2024-01-02,DK0060477503,TOP.CO,TOPDANMARK,DK,DELETE,615.0,585.0,TOP.CO
2024-01-02,ES0184262212,VIS.MC,VISCOFAN,ES,DELETE,614.0,561.0,VIS.MC
2024-01-02,BE0003470755,SOLB.BR,SOLVAY,BE,DELETE,609.0,239.0,SOLB.BR
2024-01-02,CH0011108872,MOBN.SW,MOBIMO HLDG,CH,DELETE,606.0,593.0,MOBN.S
2024-01-02,GB00B04V1276,GRI.L,GRAINGER,GB,DELETE,603.0,590.0,GRI.L
2024-01-02,GB0007973794,SRP.L,SERCO GRP,GB,DELETE,602.0,586.0,SRP.L
2024-01-02,SE0000862997,BILL.ST,BILLERUD,SE,DELETE,610.0,596.0,BILL.ST
2024-01-02,FI0009013429,CGCBV.HE,CARGOTEC CORPORATION,FI,ADD,596.0,618.0,CGCBV.HE
2024-01-02,SE0020539310,SECTb.ST,SECTRA 'B',SE,ADD,551.0,653.0,SECTb.ST
2024-01-02,SE0016101844,SINCH.ST,SINCH,SE,ADD,556.0,627.0,SINCH.ST
2024-01-02,GB00BH3VJ782,NETW.L,NETWORK INTERNATIONAL HOLDINGS,GB,DELETE,601.0,569.0,NETW.L
2024-01-02,GB00BMBVGQ36,HBR.L,HARBOUR ENERGY,GB,ADD,565.0,642.0,HBR.L
2024-01-02,GB00B1N7Z094,SAFE.L,SAFESTORE HOLDINGS,GB,ADD,573.0,604.0,SAFE.L
2024-01-02,FR0000073298,ISOS.PA,IPSOS,FR,ADD,578.0,601.0,ISOS.PA
2024-01-02,AT0000A18XM4,AMS.SW,AMS-OSRAM AG,CH,ADD,563.0,997.0,AMS.S
2024-01-02,GB00B1VNSX38,DRX.L,DRAX GRP,GB,ADD,583.0,602.0,DRX.L
2024-01-02,FI4000312251,KOJAMO.HE,KOJAMO OYJ,FI,ADD,585.0,617.0,KOJAMO.HE
2024-01-02,GB00BGBN7C04,SSPG.L,SSP GROUP,GB,ADD,587.0,608.0,SSPG.L
2024-01-02,NO0010631567,SRBNK.OL,SPAREBANK 1 SR-BANK ASA,NO,ADD,590.0,625.0,SRBNK.OL
2024-01-02,GB00BLDRH360,OSBO.L,OSB GROUP,GB,ADD,595.0,639.0,OSBO.L
2024-01-02,SE0016828511,EMBRACb.ST,EMBRACER GROUP,SE,ADD,579.0,626.0,EMBRACb.ST
2024-02-01,DE000A161408,HFG.DE,HELLOFRESH AG,DE,DELETE,603.0,552.0,HFGG.DE
2024-02-01,SE0016828511,EMBRACb.ST,EMBRACER GROUP,SE,DELETE,690.0,579.0,EMBRACb.ST
2024-02-01,FR0000054470,UBIP.PA,UBISOFT ENTERTAINMENT,FR,DELETE,625.0,576.0,UBIP.PA
2024-02-01,SE0016101844,SINCH.ST,SINCH,SE,DELETE,617.0,556.0,SINCH.ST
2024-02-01,CH1176493729,BANB.SW,BACHEM HOLDING,CH,DELETE,613.0,571.0,BANB.S
2024-02-01,DE000WCH8881,WCHG.DE,WACKER CHEMIE,DE,DELETE,611.0,567.0,WCHG.DE
2024-02-01,FI4000312251,KOJAMO.HE,KOJAMO OYJ,FI,DELETE,609.0,585.0,KOJAMO.HE
2024-02-01,SE0016589188,ELUXb.ST,ELECTROLUX B,SE,DELETE,607.0,570.0,ELUXb.ST
2024-02-01,SE0015192067,SAVE.ST,NORDNET,SE,DELETE,606.0,591.0,SAVE.ST
2024-02-01,FR0011675362,NEOEN.PA,NEOEN SA,FR,DELETE,601.0,560.0,NEOEN.PA
2024-02-01,GB00B0WMWD03,QQ.L,QINETIQ GRP,GB,ADD,574.0,651.0,QQ.L
2024-02-01,IT0004776628,BMED.MI,BANCA MEDIOLANUM,IT,ADD,599.0,647.0,BMED.MI
2024-02-01,CH0239229302,SFSN.SW,SFS GROUP,CH,ADD,600.0,604.0,SFSN.S
2024-02-01,GB0007973794,SRP.L,SERCO GRP,GB,ADD,562.0,602.0,SRP.L
2024-02-01,SE0015671995,HEM.ST,HEMNET,SE,ADD,566.0,633.0,HEM.ST
2024-02-01,IE00B00MZ448,GFTU_u.L,GRAFTON GRP,GB,ADD,572.0,616.0,GFTU_u.L
2024-02-01,GB00BN4HT335,INDV.L,INDIVIOR,GB,ADD,563.0,638.0,INDV.L
2024-02-01,GB00BH3VJ782,NETW.L,NETWORK INTERNATIONAL HOLDINGS,GB,ADD,589.0,601.0,NETW.L
2024-02-01,GB00B04V1276,GRI.L,GRAINGER,GB,ADD,590.0,603.0,GRI.L
2024-02-01,IT0001031084,BGN.MI,BCA GENERALI,IT,ADD,595.0,624.0,BGN.MI
2024-02-01,NO0003028904,SCHA.OL,SCHIBSTED GRUPPEN,NO,ADD,598.0,637.0,SCHA.OL
2024-03-01,IT0001031084,BGN.MI,BCA GENERALI,IT,DELETE,611.0,595.0,BGN.MI
2024-03-01,DE0005470405,LXS.DE,LANXESS,DE,DELETE,605.0,573.0,LXSG.DE
2024-03-01,CH0012829898,EMMN.S,EMMI AG,CH,DELETE,607.0,596.0,EMMN.S
2024-03-01,IT0003115950,DLG.MI,DE LONGHI,IT,DELETE,608.0,586.0,DLG.MI
2024-03-01,NO0003028904,SCHA.OL,SCHIBSTED GRUPPEN,NO,DELETE,610.0,598.0,SCHA.OL
2024-03-01,SE0017780133,WALLb.ST,WALLENSTAM B,SE,DELETE,604.0,550.0,WALLb.ST
2024-03-01,DE0008303504,TEG.DE,TAG IMMOBILIEN AG,DE,DELETE,613.0,553.0,TEGG.DE
2024-03-01,DE0006766504,NDA.DE,AURUBIS,DE,DELETE,639.0,584.0,NAFG.DE
2024-03-01,GB00BDVZYZ77,IDSI.L,INTERNATIONAL DISTRIBUTIONS SERVICES,GB,DELETE,619.0,561.0,IDSI.L
2024-03-01,GB00B1N7Z094,SAFE.L,SAFESTORE HOLDINGS,GB,DELETE,622.0,582.0,SAFE.L
2024-03-01,GB00BLDRH360,OSBO.L,OSB GROUP,GB,DELETE,627.0,592.0,OSBO.L
2024-03-01,SE0011166974,FABG.ST,FABEGE,SE,DELETE,644.0,576.0,FABG.ST
2024-03-01,GB00BMBVGQ36,HBR.L,HARBOUR ENERGY,GB,DELETE,663.0,591.0,HBR.L
2024-03-01,AT0000A18XM4,AMS.SW,AMS-OSRAM AG,CH,DELETE,727.0,567.0,AMS.S
2024-03-01,GB00BNNTLN49,PNN.L,PENNON GRP,GB,DELETE,603.0,571.0,PNN.L
2024-03-01,GB00B04V1276,GRI.L,GRAINGER,GB,DELETE,618.0,590.0,GRI.L
2024-03-01,GB00BG11K365,RDW.L,REDROW,GB,ADD,595.0,627.0,RDW.L
2024-03-01,DE0005664809,EVTG.DE,EVOTEC,DE,DELETE,602.0,580.0,EVTG.DE
2024-03-01,DK0010234467,FLS.CO,FLSMIDTH & COMPANY,DK,ADD,565.0,624.0,FLS.CO
2024-03-01,SE0015192067,SAVE.ST,NORDNET,SE,ADD,544.0,606.0,SAVE.ST
2024-03-01,CH1176493729,BANB.SW,BACHEM HOLDING,CH,ADD,550.0,613.0,BANB.S
2024-03-01,DK0061802139,ALKb.CO,ALK-ABELLO B,DK,ADD,560.0,614.0,ALKb.CO
2024-03-01,SE0000375115,MYCR.ST,MYCRONIC,SE,ADD,561.0,638.0,MYCR.ST
2024-03-01,NL0015000LU4,IVG.MI,IVECO GROUP,IT,ADD,566.0,623.0,IVG.MI
2024-03-01,SE0009806607,MTRS.ST,MUNTERS GROUP AB,SE,ADD,567.0,621.0,MTRS.ST
2024-03-01,DE0006070006,HOT.DE,HOCHTIEF,DE,ADD,593.0,633.0,HOTG.DE
2024-03-01,DE0006632003,MOR.DE,MORPHOSYS,DE,ADD,570.0,749.0,MORG.DE
2024-03-01,NL0009432491,VOPA.AS,VOPAK,NL,ADD,576.0,637.0,VOPA.AS
2024-03-01,PLBUDMX00013,BDXP.WA,BUDIMEX,PL,ADD,581.0,605.0,BDXP.WA
2024-03-01,SE0016844831,VOLCARb.ST,VOLVO CAR B,SE,ADD,583.0,760.0,VOLCARb.ST
2024-03-01,NL00150003E1,FUGR.AS,FUGRO,NL,ADD,584.0,649.0,FUGR.AS
2024-03-01,PLBRE0000012,MBK.WA,MBANK,PL,ADD,588.0,683.0,MBK.WA
2024-03-01,DE000A2YN900,TMV.DE,TEAMVIEWER AG,DE,ADD,589.0,629.0,TMV.DE
2024-03-01,SE0001174970,TIGOsdb.ST,MILLICOM INTL.CELU. SDR,SE,ADD,590.0,612.0,TIGOsdb.ST
2024-03-01,DE000A161408,HFG.DE,HELLOFRESH AG,DE,ADD,574.0,603.0,HFGG.DE
2024-04-02,GB00BH3VJ782,NETW.L,NETWORK INTERNATIONAL HOLDINGS,GB,DELETE,608.0,596.0,NETW.L
2024-04-02,FI0009000277,TIETO.HE,TIETOEVRY,FI,DELETE,613.0,563.0,TIETO.HE
2024-04-02,PLBUDMX00013,BDXP.WA,BUDIMEX,PL,DELETE,614.0,581.0,BDXP.WA
2024-04-02,DE000A2YN900,TMV.DE,TEAMVIEWER AG,DE,DELETE,635.0,589.0,TMV.DE
2024-04-02,DE0006070006,HOT.DE,HOCHTIEF,DE,DELETE,623.0,593.0,HOTG.DE
2024-04-02,DE000A161408,HFG.DE,HELLOFRESH AG,DE,DELETE,813.0,574.0,HFGG.DE
2024-04-02,GB00BG11K365,RDW.L,REDROW,GB,DELETE,606.0,595.0,RDW.L
2024-04-02,FR0000130395,RCOP.PA,REMY COINTREAU,FR,DELETE,620.0,585.0,RCOP.PA
2024-04-02,NO0010631567,SRBNK.OL,SPAREBANK 1 SR-BANK ASA,NO,DELETE,601.0,592.0,SRBNK.OL
2024-04-02,GB00BGBN7C04,SSPG.L,SSP GROUP,GB,DELETE,618.0,598.0,SSPG.L
2024-04-02,IT0005244402,BFF.MI,BFF BANK S.P.A.,IT,ADD,595.0,631.0,BFF.MI
2024-04-02,ES0184262212,VIS.MC,VISCOFAN,ES,ADD,592.0,620.0,VIS.MC
2024-04-02,DE0008303504,TEG.DE,TAG IMMOBILIEN AG,DE,ADD,590.0,613.0,TEGG.DE
2024-04-02,SE0017780133,WALLb.ST,WALLENSTAM B,SE,ADD,587.0,604.0,WALLb.ST
2024-04-02,GB00BNNTLN49,PNN.L,PENNON GRP,GB,ADD,599.0,603.0,PNN.L
2024-04-02,IT0003115950,DLG.MI,DE LONGHI,IT,ADD,584.0,608.0,DLG.MI
2024-04-02,ES0124244E34,MAP.MC,MAPFRE,ES,ADD,575.0,623.0,MAP.MC
2024-04-02,IT0005495657,SPMI.MI,SAIPEM,IT,ADD,540.0,633.0,SPMI.MI
2024-04-02,DE000HAG0005,HAG.DE,HENSOLDT,DE,ADD,514.0,625.0,HAGG.DE
2024-05-01,SE0014960373,SWECb.ST,SWECO 'B',SE,DELETE,605.0,600.0,SWECb.ST
2024-05-01,PLBRE0000012,MBK.WA,MBANK,PL,DELETE,606.0,583.0,MBK.WA
2024-05-01,SE0017780133,WALLb.ST,WALLENSTAM B,SE,DELETE,609.0,587.0,WALLb.ST
2024-05-01,IE00B00MZ448,GFTU_u.L,GRAFTON GRP,GB,DELETE,611.0,597.0,GFTU_u.L
2024-05-01,SE0021628898,VOLCARb.ST,VOLVO CAR B,SE,DELETE,633.0,586.0,VOLCARb.ST
2024-05-01,CH0239229302,SFSN.SW,SFS GROUP,CH,DELETE,614.0,589.0,SFSN.S
2024-05-01,SE0007691613,DOMETIC.ST,DOMETIC GROUP AB,SE,DELETE,616.0,585.0,DOMETIC.ST
2024-05-01,FR0011981968,WLN.PA,WORLDLINE,FR,DELETE,604.0,560.0,WLN.PA
2024-05-01,LU0088087324,SESFd.PA,SES,LU,DELETE,676.0,577.0,SESFd.PA
2024-05-01,GB00B0WMWD03,QQ.L,QINETIQ GRP,GB,DELETE,612.0,596.0,QQ.L
2024-05-01,NL0012044747,RDC.DE,REDCARE PHARMACY,DE,DELETE,602.0,543.0,RDC.DE
2024-05-01,IT0001031084,BGN.MI,BCA GENERALI,IT,ADD,596.0,604.0,BGN.MI
2024-05-01,PLALIOR00045,ALRR.WA,ALIOR BANK,PL,ADD,598.0,624.0,ALRR.WA
2024-05-01,SE0016828511,EMBRACb.ST,EMBRACER GROUP,SE,ADD,597.0,658.0,EMBRACb.ST
2024-05-01,IT0005278236,PIRC.MI,PIRELLI & C. S.P.A.,IT,ADD,591.0,615.0,PIRC.MI
2024-05-01,FR0011675362,NEOEN.PA,NEOEN SA,FR,ADD,590.0,630.0,NEOEN.PA
2024-05-01,GB00BDVZYZ77,IDSI.L,INTERNATIONAL DISTRIBUTIONS SERVICES,GB,ADD,587.0,645.0,IDSI.L
2024-05-01,BE0003470755,SOLB.BR,SOLVAY,BE,ADD,586.0,646.0,SOLB.BR
2024-05-01,DE0005470405,LXS.DE,LANXESS,DE,ADD,578.0,605.0,LXSG.DE
2024-05-01,GB00BF4HYT85,BGEO.L,BANK OF GEORGIA GROUP,GB,ADD,577.0,602.0,BGEO.L
2024-05-01,FI0009004824,KEMIRA.HE,KEMIRA,FI,ADD,571.0,629.0,KEMIRA.HE
2024-05-01,DE0006766504,NDA.DE,AURUBIS,DE,ADD,562.0,617.0,NAFG.DE
2024-05-01,FR0000054470,UBIP.PA,UBISOFT ENTERTAINMENT,FR,ADD,600.0,644.0,UBIP.PA
2024-06-03,GB00BNNTLN49,PNN.L,PENNON GRP,GB,DELETE,617.0,585.0,PNN.L
2024-06-03,FR0000054470,UBIP.PA,UBISOFT ENTERTAINMENT,FR,DELETE,609.0,600.0,UBIP.PA
2024-06-03,SE0015671995,HEM.ST,HEMNET,SE,DELETE,615.0,592.0,HEM.ST
2024-06-03,SE0016828511,EMBRACb.ST,EMBRACER GROUP,SE,DELETE,623.0,597.0,EMBRACb.ST
2024-06-03,DE0005470405,LXS.DE,LANXESS,DE,DELETE,608.0,578.0,LXSG.DE
2024-06-03,NL0015000LU4,IVG.MI,IVECO GROUP,IT,DELETE,643.0,568.0,IVG.MI
2024-06-03,IT0005244402,BFF.MI,BFF BANK S.P.A.,IT,DELETE,708.0,599.0,BFF.MI
2024-06-03,GB00BF4HYT85,BGEO.L,BANK OF GEORGIA GROUP,GB,DELETE,713.0,577.0,BGEO.L
2024-06-03,DE0006632003,MOR.DE,MORPHOSYS,DE,DELETE,1047.0,537.0,MORG.DE
2024-06-03,PLALIOR00045,ALRR.WA,ALIOR BANK,PL,DELETE,629.0,598.0,ALRR.WA
2024-06-03,ES0124244E34,MAP.MC,MAPFRE,ES,DELETE,604.0,583.0,MAP.MC
2024-06-03,GB00B7KR2P84,EZJ.L,EASYJET,GB,DELETE,620.0,558.0,EZJ.L
2024-06-03,PLBUDMX00013,BDXP.WA,BUDIMEX,PL,ADD,598.0,617.0,BDXP.WA
2024-06-03,GB00B0WMWD03,QQ.L,QINETIQ GRP,GB,ADD,533.0,612.0,QQ.L
2024-06-03,SE0014960373,SWECb.ST,SWECO 'B',SE,ADD,536.0,605.0,SWECb.ST
2024-06-03,FR0011981968,WLN.PA,WORLDLINE,FR,ADD,546.0,604.0,WLN.PA
2024-06-03,BMG4233B1090,HAFNI.OL,HAFNIA,NO,ADD,576.0,647.0,HAFNI.OL
2024-06-03,GB00B1N7Z094,SAFE.L,SAFESTORE HOLDINGS,GB,ADD,579.0,622.0,SAFE.L
2024-06-03,NO0011202772,VAR.OL,VAR ENERGI,NO,ADD,496.0,652.0,VAR.OL
2024-06-03,CH0239229302,SFSN.SW,SFS GROUP,CH,ADD,585.0,614.0,SFSN.S
2024-06-03,GB00BG11K365,RDW.L,REDROW,GB,ADD,586.0,608.0,RDW.L
2024-06-03,GB00BMBVGQ36,HBR.L,HARBOUR ENERGY,GB,ADD,590.0,623.0,HBR.L
2024-06-03,SE0017780133,WALLb.ST,WALLENSTAM B,SE,ADD,597.0,609.0,WALLb.ST
2024-06-03,GB00BNTJ3546,ALLFG.AS,ALLFUNDS GROUP,NL,DELETE,601.0,554.0,ALLFG.AS
2024-07-01,BE0003593044,COFB.BR,COFINIMMO,BE,DELETE,602.0,595.0,COFB.BR
2024-07-01,SE0022060521,KINVb.ST,KINNEVIK B,SE,DELETE,645.0,548.0,KINVb.ST
2024-07-01,FR0000121147,FRVIA.PA,FORVIA,FR,DELETE,643.0,554.0,FRVIA.PA
2024-07-01,GB00BN4HT335,INDV.L,INDIVIOR,GB,DELETE,621.0,583.0,INDV.L
2024-07-01,DE0007500001,TKA.DE,THYSSENKRUPP,DE,DELETE,617.0,596.0,TKAG.DE
2024-07-01,IT0005278236,PIRC.MI,PIRELLI & C. S.P.A.,IT,DELETE,609.0,600.0,PIRC.MI
2024-07-01,FR0013176526,VLOF.PA,VALEO,FR,DELETE,608.0,578.0,VLOF.PA
2024-07-01,IT0003115950,DLG.MI,DE LONGHI,IT,DELETE,606.0,588.0,DLG.MI
2024-07-01,PLBUDMX00013,BDXP.WA,BUDIMEX,PL,DELETE,605.0,598.0,BDXP.WA
2024-07-01,DE000HAG0005,HAG.DE,HENSOLDT,DE,DELETE,603.0,591.0,HAGG.DE
2024-07-01,DE000A0WMPJ6,AIXA.DE,AIXTRON,DE,DELETE,601.0,573.0,AIXGn.DE
2024-07-01,GB00B1N7Z094,SAFE.L,SAFESTORE HOLDINGS,GB,DELETE,619.0,579.0,SAFE.L
2024-07-01,GB00BH3VJ782,NETW.L,NETWORK INTERNATIONAL HOLDINGS,GB,ADD,598.0,613.0,NETW.L
2024-07-01,SE0015671995,HEM.ST,HEMNET,SE,ADD,565.0,615.0,HEM.ST
2024-07-01,PLOPTTC00011,CDR.WA,CD PROJECT SA,PL,ADD,571.0,610.0,CDR.WA
2024-07-01,CH0038388911,SUN.SW,SULZER,CH,ADD,572.0,603.0,SUN.S
2024-07-01,BE0003823409,TUB.BR,FINANCIERE DE TUBIZE,BE,ADD,579.0,616.0,TUB.BR
2024-07-01,DK0060477503,TOP.CO,TOPDANMARK,DK,ADD,569.0,667.0,TOP.CO
2024-07-01,ES0124244E34,MAP.MC,MAPFRE,ES,ADD,589.0,604.0,MAP.MC
2024-07-01,GB0031215220,CCL.L,CARNIVAL,GB,ADD,591.0,681.0,CCL.L
2024-07-01,NO0010631567,SRBNK.OL,SPAREBANK 1 SR-BANK ASA,NO,ADD,595.0,602.0,SRBNK.OL
2024-07-01,GB00BNTJ3546,ALLFG.AS,ALLFUNDS GROUP,NL,ADD,597.0,601.0,ALLFG.AS
2024-07-01,NO0003055501,NOD.OL,NORDIC SEMICONDUCTOR,NO,ADD,582.0,618.0,NOD.OL
2024-07-01,PLALIOR00045,ALRR.WA,ALIOR BANK,PL,ADD,600.0,629.0,ALRR.WA
2024-08-01,NL0015001W49,PLX.PA,PLUXEE,FR,DELETE,664.0,580.0,PLX.PA
2024-08-01,DE000KSAG888,SDF.DE,K + S,DE,DELETE,601.0,575.0,SDFGn.DE
2024-08-01,FI4000571013,CGCBV.HE,CARGOTEC CORPORATION,FI,DELETE,650.0,487.0,CGCBV.HE
2024-08-01,GB0031215220,CCL.L,CARNIVAL,GB,DELETE,642.0,591.0,CCL.L
2024-08-01,PLALIOR00045,ALRR.WA,ALIOR BANK,PL,DELETE,630.0,600.0,ALRR.WA
2024-08-01,NO0003055501,NOD.OL,NORDIC SEMICONDUCTOR,NO,DELETE,626.0,582.0,NOD.OL
2024-08-01,FR0013447729,VRLA.PA,VERALLIA,FR,DELETE,625.0,538.0,VRLA.PA
2024-08-01,BMG4233B1090,HAFNI.OL,HAFNIA,NO,DELETE,603.0,566.0,HAFNI.OL
2024-08-01,GB00BH3VJ782,NETW.L,NETWORK INTERNATIONAL HOLDINGS,GB,DELETE,602.0,598.0,NETW.L
2024-08-01,FR0013176526,VLOF.PA,VALEO,FR,ADD,597.0,608.0,VLOF.PA
2024-08-01,BE0003593044,COFB.BR,COFINIMMO,BE,ADD,594.0,602.0,COFB.BR
2024-08-01,GB0004270301,HILS.L,HILL & SMITH,GB,ADD,592.0,644.0,HILS.L
2024-08-01,NO0003078800,TGS.OL,TGS ASA,NO,ADD,590.0,725.0,TGS.OL
2024-08-01,IE00B00MZ448,GFTU_u.L,GRAFTON GRP,GB,ADD,581.0,624.0,GFTU_u.L
2024-08-01,GB00BLDRH360,OSBO.L,OSB GROUP,GB,ADD,571.0,623.0,OSBO.L
2024-08-01,NL0012044747,RDC.DE,REDCARE PHARMACY,DE,ADD,568.0,622.0,RDC.DE
2024-08-01,GB00BK9RKT01,TPK.L,TRAVIS PERKINS,GB,ADD,562.0,631.0,TPK.L
2024-08-01,DE000A0WMPJ6,AIXA.DE,AIXTRON,DE,ADD,554.0,601.0,AIXGn.DE
2024-08-01,IL0011284465,PLUSP.L,PLUS500,GB,ADD,599.0,604.0,PLUSP.L
2024-09-02,BE0974320526,UMI.BR,UMICORE,BE,DELETE,607.0,575.0,UMI.BR
2024-09-02,GB0004270301,HILS.L,HILL & SMITH,GB,DELETE,609.0,592.0,HILS.L
2024-09-02,GB00BMBVGQ36,HBR.L,HARBOUR ENERGY,GB,DELETE,610.0,598.0,HBR.L
2024-09-02,NO0003078800,TGS.OL,TGS ASA,NO,DELETE,613.0,590.0,TGS.OL
2024-09-02,FR0011981968,WLN.PA,WORLDLINE,FR,DELETE,663.0,586.0,WLN.PA
2024-09-02,FR0013176526,VLOF.PA,VALEO,FR,DELETE,626.0,597.0,VLOF.PA
2024-09-02,GB00BLDRH360,OSBO.L,OSB GROUP,GB,DELETE,688.0,571.0,OSBO.L
2024-09-02,DE000A1PHFF7,BOSS.DE,HUGO BOSS,DE,DELETE,652.0,593.0,BOSSn.DE
2024-09-02,CH0006372897,INRN.SW,INTERROLL,CH,DELETE,602.0,574.0,INRN.S
2024-09-02,DE0006766504,NDA.DE,AURUBIS,DE,DELETE,622.0,584.0,NAFG.DE
2024-09-02,GB00BNC5T391,ROO.L,DELIVEROO A,GB,ADD,596.0,657.0,ROO.L
2024-09-02,DE000A0WMPJ6,AIXA.DE,AIXTRON,DE,DELETE,631.0,554.0,AIXGn.DE
2024-09-02,GB00B7KR2P84,EZJ.L,EASYJET,GB,ADD,593.0,623.0,EZJ.L
2024-09-02,NO0003055501,NOD.OL,NORDIC SEMICONDUCTOR,NO,ADD,592.0,626.0,NOD.OL
2024-09-02,SE0014504817,LOOMIS.ST,LOOMIS,SE,ADD,589.0,612.0,LOOMIS.ST
2024-09-02,DE0005470405,LXS.DE,LANXESS,DE,ADD,587.0,611.0,LXSG.DE
2024-09-02,GB00B1N7Z094,SAFE.L,SAFESTORE HOLDINGS,GB,ADD,586.0,608.0,SAFE.L
2024-09-02,IM00B7S9G985,PTEC.L,PLAYTECH,GB,ADD,584.0,631.0,PTEC.L
2024-09-02,JE00BMDZN391,TCAPI.L,TP ICAP,GB,ADD,578.0,609.0,TCAPI.L
2024-09-02,SE0007692850,CAMX.ST,CAMURUS,SE,ADD,570.0,610.0,CAMX.ST
2024-09-02,NL0000360618,SBMO.AS,SBM OFFSHORE,NL,ADD,562.0,607.0,SBMO.AS
2024-09-02,DK0015998017,BAVA.CO,BAVARIAN NORDIC,DK,ADD,516.0,635.0,BAVA.CO
2024-09-02,PLALIOR00045,ALRR.WA,ALIOR BANK,PL,ADD,595.0,630.0,ALRR.WA
2024-10-01,NO0003055501,NOD.OL,NORDIC SEMICONDUCTOR,NO,DELETE,705.0,592.0,NOD.OL
2024-10-01,PLALIOR00045,ALRR.WA,ALIOR BANK,PL,DELETE,636.0,595.0,ALRR.WA
2024-10-01,FR0013269123,RUBF.PA,RUBIS,FR,DELETE,614.0,565.0,RUBF.PA
2024-10-01,SE0014504817,LOOMIS.ST,LOOMIS,SE,DELETE,606.0,589.0,LOOMIS.ST
2024-10-01,ES0137650018,FLUI.MC,FLUIDRA,ES,ADD,600.0,612.0,FLUI.MC
2024-10-01,NL0014332678,JDEP.AS,JDE PEET S,NL,DELETE,601.0,572.0,JDEP.AS
2024-10-01,CH0006372897,INRN.SW,INTERROLL,CH,ADD,598.0,602.0,INRN.S
2024-10-01,FR0013176526,VLOF.PA,VALEO,FR,ADD,590.0,626.0,VLOF.PA
2024-10-01,CH0528751586,VZN.SW,VZ HOLDING 'N',CH,ADD,587.0,601.0,VZN.S
2024-10-01,SE0000862997,BILL.ST,BILLERUD,SE,ADD,580.0,604.0,BILL.ST
2024-10-01,GB00B2PDGW16,SMWH.L,NEW WH SMITH,GB,ADD,577.0,621.0,SMWH.L
2024-10-01,SE0011166974,FABG.ST,FABEGE,SE,ADD,599.0,638.0,FABG.ST
2024-11-01,NL0012015705,TKWY.AS,JUST EAT TAKEAWAY.COM NV,NL,DELETE,604.0,550.0,TKWY.AS
2024-11-01,SE0009806607,MTRS.ST,MUNTERS GROUP AB,SE,DELETE,605.0,524.0,MTRS.ST
2024-11-01,NL0010558797,OCI.AS,OCI,NL,DELETE,720.0,461.0,OCI.AS
2024-11-01,GB00BK9RKT01,TPK.L,TRAVIS PERKINS,GB,DELETE,611.0,584.0,TPK.L
2024-11-01,GB00BNC5T391,ROO.L,DELIVEROO A,GB,DELETE,613.0,592.0,ROO.L
2024-11-01,CH0011029946,IFCN.SW,INFICON,CH,DELETE,614.0,583.0,IFCN.S
2024-11-01,FR0013176526,VLOF.PA,VALEO,FR,DELETE,630.0,590.0,VLOF.PA
2024-11-01,FR0013227113,SOIT.PA,SOITEC,FR,DELETE,627.0,582.0,SOIT.PA
2024-11-01,SE0000862997,BILL.ST,BILLERUD,SE,DELETE,639.0,580.0,BILL.ST
2024-11-01,SE0011166974,FABG.ST,FABEGE,SE,DELETE,647.0,599.0,FABG.ST
2024-11-01,FR0000073298,ISOS.PA,IPSOS,FR,DELETE,651.0,595.0,ISOS.PA
2024-11-01,SE0000163628,EKTAb.ST,ELEKTA B,SE,DELETE,601.0,571.0,EKTAb.ST
2024-11-01,CH0006372897,INRN.SW,INTERROLL,CH,DELETE,617.0,598.0,INRN.S
2024-11-01,GB00BNHSJN34,QLT.L,QUILTER,GB,ADD,600.0,639.0,QLT.L
2024-11-01,SE0007692850,CAMX.ST,CAMURUS,SE,DELETE,607.0,594.0,CAMX.ST
2024-11-01,DE000A1PHFF7,BOSS.DE,HUGO BOSS,DE,ADD,596.0,619.0,BOSSn.DE
2024-11-01,SE0014504817,LOOMIS.ST,LOOMIS,SE,ADD,598.0,606.0,LOOMIS.ST
2024-11-01,SE0016828511,EMBRACb.ST,EMBRACER GROUP,SE,ADD,551.0,603.0,EMBRACb.ST
2024-11-01,NL0014332678,JDEP.AS,JDE PEET S,NL,ADD,560.0,601.0,JDEP.AS
2024-11-01,NO0003028904,SCHA.OL,SCHIBSTED GRUPPEN,NO,ADD,576.0,607.0,SCHA.OL
2024-11-01,FI4000571013,CGCBV.HE,CARGOTEC CORPORATION,FI,ADD,577.0,605.0,CGCBV.HE
2024-11-01,JE00B5TT1872,CEY.L,CENTAMIN,GB,ADD,581.0,610.0,CEY.L
2024-11-01,GB0031215220,CCL.L,CARNIVAL,GB,ADD,542.0,630.0,CCL.L
2024-11-01,DE0006070006,HOT.DE,HOCHTIEF,DE,ADD,584.0,608.0,HOTG.DE
2024-11-01,GB00BKDTK925,TRNT.L,TRAINLINE PLC,GB,ADD,588.0,658.0,TRNT.L
2024-11-01,DE0006766504,NDA.DE,AURUBIS,DE,ADD,589.0,638.0,NAFG.DE
2024-11-01,CH0025536027,BCHN.SW,BURCKHARDT CMPSN.HLDG.,CH,ADD,593.0,626.0,BCHN.S
2024-11-01,CH0011108872,MOBN.SW,MOBIMO HLDG,CH,ADD,594.0,604.0,MOBN.S
2024-11-01,CH0011795959,DOKA.SW,dorma+kaba,CH,ADD,583.0,616.0,DOKA.S
2024-12-02,DK0015998017,BAVA.CO,BAVARIAN NORDIC,DK,DELETE,603.0,572.0,BAVA.CO
2024-12-02,IE00B00MZ448,GFTU_u.L,GRAFTON GRP,GB,DELETE,604.0,585.0,GFTU_u.L
2024-12-02,GB00BV9FP302,CCC.L,COMPUTACENTER,GB,DELETE,607.0,599.0,CCC.L
2024-12-02,DE0006766504,NDA.DE,AURUBIS,DE,DELETE,610.0,589.0,NAFG.DE
2024-12-02,GB00B2PDGW16,SMWH.L,NEW WH SMITH,GB,DELETE,614.0,597.0,SMWH.L
2024-12-02,SE0001662230,HUSQb.ST,HUSQVARNA B,SE,DELETE,620.0,595.0,HUSQb.ST
2024-12-02,NL00150003E1,FUGR.AS,FUGRO,NL,DELETE,640.0,579.0,FUGR.AS
2024-12-02,DE000A1PHFF7,BOSS.DE,HUGO BOSS,DE,DELETE,683.0,596.0,BOSSn.DE
2024-12-02,AT0000937503,VOES.VI,VOESTALPINE,AT,DELETE,602.0,587.0,VOES.VI
2024-12-02,GB00B1N7Z094,SAFE.L,SAFESTORE HOLDINGS,GB,DELETE,613.0,592.0,SAFE.L
2024-12-02,GB0007973794,SRP.L,SERCO GRP,GB,DELETE,601.0,574.0,SRP.L
2024-12-02,GB00BNNTLN49,PNN.L,PENNON GRP,GB,ADD,595.0,626.0,PNN.L
2024-12-02,GB0008085614,MGNS.L,MORGAN SINDALL GROUP,GB,ADD,598.0,606.0,MGNS.L
2024-12-02,SE0000163628,EKTAb.ST,ELEKTA B,SE,ADD,594.0,601.0,EKTAb.ST
2024-12-02,FR0013227113,SOIT.PA,SOITEC,FR,ADD,591.0,627.0,SOIT.PA
2024-12-02,DK0060952919,NETCG.CO,NETCOMPANY GROUP AS,DK,ADD,590.0,608.0,NETCG.CO
2024-12-02,GB00BNC5T391,ROO.L,DELIVEROO A,GB,ADD,589.0,613.0,ROO.L
2024-12-02,DE000HAG0005,HAG.DE,HENSOLDT,DE,ADD,581.0,619.0,HAGG.DE
2024-12-02,PLCCC0000016,CCCP.WA,CCC SA,PL,ADD,580.0,622.0,CCCP.WA
2024-12-02,LU1673108939,AT1.DE,AROUNDTOWN (FRA),DE,ADD,577.0,612.0,AT1.DE
2024-12-02,NL0012015705,TKWY.AS,JUST EAT TAKEAWAY.COM NV,NL,ADD,473.0,604.0,TKWY.AS
2024-12-02,GB00B1CKQ739,DNLM.L,DUNELM GROUP,GB,ADD,600.0,658.0,DNLM.L
2025-01-02,PLCCC0000016,CCCP.WA,CCC SA,PL,DELETE,606.0,580.0,CCCP.WA
2025-01-02,SE0000163628,EKTAb.ST,ELEKTA B,SE,DELETE,607.0,594.0,EKTAb.ST
2025-01-02,CH1176493729,BANB.SW,BACHEM HOLDING,CH,DELETE,608.0,563.0,BANB.S
2025-01-02,GB00BNTJ3546,ALLFG.AS,ALLFUNDS GROUP,NL,DELETE,605.0,574.0,ALLFG.AS
2025-01-02,CY0200352116,FRO.OL,FRONTLINE,NO,DELETE,620.0,579.0,FRO.OL
2025-01-02,FR0000127771,VIV.PA,VIVENDI,FR,DELETE,630.0,298.0,VIV.PA
2025-01-02,DE0006062144,1COVG.DE,COVESTRO,DE,DELETE,864.0,455.0,1COVG.DE
2025-01-02,GB00B1CKQ739,DNLM.L,DUNELM GROUP,GB,DELETE,618.0,600.0,DNLM.L
2025-01-02,SE0001174970,TIGOsdb.ST,MILLICOM INTL.CELU. SDR,SE,DELETE,603.0,584.0,TIGOsdb.ST
2025-01-02,DE0005313704,AFX.DE,CARL ZEISS MEDITEC,DE,DELETE,672.0,596.0,AFXG.DE
2025-01-02,AT0000937503,VOES.VI,VOESTALPINE,AT,ADD,599.0,602.0,VOES.VI
2025-01-02,GB00BCRX1J15,JUSTJ.L,JUST GROUP,GB,ADD,596.0,644.0,JUSTJ.L
2025-01-02,IT0005278236,PIRC.MI,PIRELLI & C. S.P.A.,IT,ADD,595.0,617.0,PIRC.MI
2025-01-02,IE00B00MZ448,GFTU_u.L,GRAFTON GRP,GB,ADD,592.0,604.0,GFTU_u.L
2025-01-02,DE0006766504,NDA.DE,AURUBIS,DE,ADD,590.0,610.0,NAFG.DE
2025-01-02,IT0003115950,DLG.MI,DE LONGHI,IT,ADD,579.0,611.0,DLG.MI
2025-01-02,DE0005773303,FRA.DE,FRAPORT,DE,ADD,576.0,626.0,FRAG.DE
2025-01-02,SE0009806607,MTRS.ST,MUNTERS GROUP AB,SE,ADD,574.0,609.0,MTRS.ST
2025-01-02,FI4000552526,MANTA.HE,Mandatum,FI,ADD,600.0,615.0,MANTA.HE
2025-01-02,DE000A1PHFF7,BOSS.DE,HUGO BOSS,DE,ADD,573.0,683.0,BOSSn.DE
2025-02-03,GB00BCRX1J15,JUSTJ.L,JUST GROUP,GB,DELETE,602.0,596.0,JUSTJ.L
2025-02-03,NL0012044747,RDC.DE,REDCARE PHARMACY,DE,DELETE,604.0,571.0,RDC.DE
2025-02-03,LU1673108939,AT1.DE,AROUNDTOWN (FRA),DE,DELETE,607.0,587.0,AT1.DE
2025-02-03,DE0006766504,NDA.DE,AURUBIS,DE,DELETE,608.0,590.0,NAFG.DE
2025-02-03,NO0003028904,SCHA.OL,SCHIBSTED GRUPPEN,NO,DELETE,614.0,583.0,SCHA.OL
2025-02-03,FI4000571013,CGCBV.HE,CARGOTEC CORPORATION,FI,DELETE,632.0,594.0,CGCBV.HE
2025-02-03,GB0008085614,MGNS.L,MORGAN SINDALL GROUP,GB,DELETE,621.0,578.0,MGNS.L
2025-02-03,IE00B00MZ448,GFTU_u.L,GRAFTON GRP,GB,DELETE,626.0,592.0,GFTU_u.L
2025-02-03,GB00BKDTK925,TRNT.L,TRAINLINE PLC,GB,DELETE,629.0,552.0,TRNT.L
2025-02-03,SE0009806607,MTRS.ST,MUNTERS GROUP AB,SE,DELETE,601.0,574.0,MTRS.ST
2025-02-03,GB00BNC5T391,ROO.L,DELIVEROO A,GB,DELETE,642.0,593.0,ROO.L
2025-02-03,GB00BNNTLN49,PNN.L,PENNON GRP,GB,DELETE,620.0,591.0,PNN.L
2025-02-03,FR0013269123,RUBF.PA,RUBIS,FR,ADD,599.0,612.0,RUBF.PA
2025-02-03,DK0060952919,NETCG.CO,NETCOMPANY GROUP AS,DK,DELETE,664.0,597.0,NETCG.CO
2025-02-03,DK0015998017,BAVA.CO,BAVARIAN NORDIC,DK,ADD,596.0,604.0,BAVA.CO
2025-02-03,NL0015000LU4,IVG.MI,IVECO GROUP,IT,ADD,597.0,675.0,IVG.MI
2025-02-03,CY0200352116,FRO.OL,FRONTLINE,NO,ADD,552.0,620.0,FRO.OL
2025-02-03,DE0007500001,TKA.DE,THYSSENKRUPP,DE,ADD,556.0,613.0,TKAG.DE
2025-02-03,DE000A2LQ884,AG1.DE,AUTO1 GROUP,DE,ADD,560.0,614.0,AG1G.DE
2025-02-03,FR0013176526,VLOF.PA,VALEO,FR,ADD,579.0,621.0,VLOF.PA
2025-02-03,DE000KSAG888,SDF.DE,K + S,DE,ADD,566.0,651.0,SDFGn.DE
2025-02-03,FR0013447729,VRLA.PA,VERALLIA,FR,ADD,582.0,646.0,VRLA.PA
2025-02-03,SE0000862997,BILL.ST,BILLERUD,SE,ADD,584.0,610.0,BILL.ST
2025-02-03,CH0011029946,IFCN.SW,INFICON,CH,ADD,585.0,616.0,IFCN.S
2025-02-03,DE0005313704,AFX.DE,CARL ZEISS MEDITEC,DE,ADD,589.0,672.0,AFXG.DE
2025-02-03,SE0000163628,EKTAb.ST,ELEKTA B,SE,ADD,593.0,607.0,EKTAb.ST
2025-02-03,SE0001174970,TIGOsdb.ST,MILLICOM INTL.CELU. SDR,SE,ADD,581.0,603.0,TIGOsdb.ST
2025-03-03,DE0005773303,FRA.DE,FRAPORT,DE,DELETE,610.0,595.0,FRAG.DE
2025-03-03,CH0025536027,BCHN.SW,BURCKHARDT CMPSN.HLDG.,CH,DELETE,601.0,574.0,BCHN.S
2025-03-03,DE000A1PHFF7,BOSS.DE,HUGO BOSS,DE,DELETE,608.0,580.0,BOSSn.DE
2025-03-03,IE0000669501,GL9.IR,GLANBIA,IE,DELETE,609.0,531.0,GL9.I
2025-03-03,ES0137650018,FLUI.MC,FLUIDRA,ES,DELETE,612.0,570.0,FLUI.MC
2025-03-03,FR0011675362,NEOEN.PA,NEOEN SA,FR,DELETE,868.0,519.0,NEOEN.PA
2025-03-03,GB00B3MBS747,OCDO.L,OCADO,GB,DELETE,619.0,571.0,OCDO.L
2025-03-03,SE0000163628,EKTAb.ST,ELEKTA B,SE,DELETE,623.0,593.0,EKTAb.ST
2025-03-03,DK0015998017,BAVA.CO,BAVARIAN NORDIC,DK,DELETE,658.0,596.0,BAVA.CO
2025-03-03,SE0023615885,EMBRACb.ST,EMBRACER GROUP,SE,DELETE,696.0,488.0,EMBRACb.ST
2025-03-03,FR0013227113,SOIT.PA,SOITEC,FR,DELETE,707.0,565.0,SOIT.PA
2025-03-03,FR0013447729,VRLA.PA,VERALLIA,FR,DELETE,616.0,582.0,VRLA.PA
2025-03-03,PLCCC0000016,CCCP.WA,CCC SA,PL,ADD,599.0,641.0,CCCP.WA
2025-03-03,GB00BCRX1J15,JUSTJ.L,JUST GROUP,GB,ADD,597.0,602.0,JUSTJ.L
2025-03-03,FR0000127771,VIV.PA,VIVENDI,FR,ADD,595.0,624.0,VIV.PA
2025-03-03,ES0132105018,ACX.MC,ACERINOX,ES,ADD,593.0,649.0,ACX.MC
2025-03-03,BE0003867844,KBCA.BR,KBC ANCORA,BE,ADD,592.0,619.0,KBCA.BR
2025-03-03,NL00150006R6,CTPNV.AS,CTP NV,NL,ADD,591.0,603.0,CTPNV.AS
2025-03-03,DE0006766504,NDA.DE,AURUBIS,DE,ADD,573.0,608.0,NAFG.DE
2025-03-03,GB00BF4HYT85,BGEO.L,LION FINANCE GROUP,GB,ADD,571.0,612.0,BGEO.L
2025-03-03,SE0007692850,CAMX.ST,CAMURUS,SE,ADD,570.0,618.0,CAMX.ST
2025-03-03,PLBRE0000012,MBK.WA,MBANK,PL,ADD,564.0,627.0,MBK.WA
2025-03-03,GB00BNNTLN49,PNN.L,PENNON GRP,GB,ADD,555.0,620.0,PNN.L
2025-03-03,IT0005541336,LTMC.MI,LOTTOMATICA GROUP,IT,ADD,553.0,654.0,LTMC.MI
2025-03-03,GB00BYT18307,TBCG.L,TBC BANK GROUP,GB,ADD,544.0,635.0,TBCG.L
2025-03-03,NO0006390301,MING.OL,SPAREBANK 1 SMN,NO,ADD,598.0,606.0,MING.OL
2025-04-01,GB00B7KR2P84,EZJ.L,EASYJET,GB,DELETE,603.0,566.0,EZJ.L
2025-04-01,FR0000127771,VIV.PA,VIVENDI,FR,DELETE,604.0,595.0,VIV.PA
2025-04-01,DK0010272632,GN.CO,GN STORE NORD,DK,DELETE,608.0,565.0,GN.CO
2025-04-01,CY0200352116,FRO.OL,FRONTLINE,NO,DELETE,611.0,581.0,FRO.OL
2025-04-01,SE0007692850,CAMX.ST,CAMURUS,SE,DELETE,602.0,570.0,CAMX.ST
2025-04-01,FR0013176526,VLOF.PA,VALEO,FR,DELETE,624.0,585.0,VLOF.PA
2025-04-01,GB00BCRX1J15,JUSTJ.L,JUST GROUP,GB,DELETE,631.0,597.0,JUSTJ.L
2025-04-01,CH0360826991,COTNE.SW,COMET HOLDINGS 'R',CH,DELETE,637.0,587.0,COTNE.S
2025-04-01,CH0011029946,IFCN.SW,INFICON,CH,DELETE,671.0,590.0,IFCN.S
2025-04-01,DK0010234467,FLS.CO,FLSMIDTH & COMPANY,DK,DELETE,619.0,589.0,FLS.CO
2025-04-01,ES0132105018,ACX.MC,ACERINOX,ES,DELETE,601.0,593.0,ACX.MC
2025-04-01,SE0017780133,WALLb.ST,WALLENSTAM B,SE,DELETE,607.0,596.0,WALLb.ST
2025-04-01,PLBIG0000016,MILP.WA,BANK MILLENNIUM,PL,ADD,596.0,676.0,MILP.WA
2025-04-01,DE000RENK730,R3NK.DE,RENK,DE,ADD,492.0,622.0,R3NK.DE
2025-04-01,ES0118594417,IDR.MC,INDRA SISTEMAS,ES,ADD,551.0,643.0,IDR.MC
2025-04-01,DE0005909006,GBF.DE,BILFINGER,DE,ADD,572.0,642.0,GBFG.DE
2025-04-01,GB0009697037,BAB.L,BABCOCK INTERNATIONAL,GB,ADD,573.0,606.0,BAB.L
2025-04-01,PLALIOR00045,ALRR.WA,ALIOR BANK,PL,ADD,533.0,607.0,ALRR.WA
2025-04-01,DE0005773303,FRA.DE,FRAPORT,DE,ADD,585.0,610.0,FRAG.DE
2025-04-01,NL0012044747,RDC.DE,REDCARE PHARMACY,DE,ADD,599.0,618.0,RDC.DE
2025-04-01,GB00B3MBS747,OCDO.L,OCADO,GB,ADD,586.0,619.0,OCDO.L
2025-04-01,GB00B2QPKJ12,FRES.L,FRESNILLO,GB,ADD,595.0,690.0,FRES.L
2025-04-01,FR0013447729,VRLA.PA,VERALLIA,FR,ADD,584.0,616.0,VRLA.PA
2025-05-01,FR0000130403,DIOR.PA,CHRISTIAN DIOR,FR,DELETE,608.0,549.0,DIOR.PA
2025-05-01,DE000A0LD6E6,GXIG.DE,GERRESHEIMER,DE,DELETE,628.0,569.0,GXIG.DE
2025-05-01,IT0003115950,DLG.MI,DE LONGHI,IT,DELETE,620.0,576.0,DLG.MI
2025-05-01,GB0031215220,CCL.L,CARNIVAL,GB,DELETE,618.0,590.0,CCL.L
2025-05-01,GB00BNHSJN34,QLT.L,QUILTER,GB,DELETE,617.0,577.0,QLT.L
2025-05-01,SE0007074281,HPOLb.ST,HEXPOL 'B',SE,DELETE,612.0,591.0,HPOLb.ST
2025-05-01,IT0005278236,PIRC.MI,PIRELLI & C. S.P.A.,IT,DELETE,611.0,600.0,PIRC.MI
2025-05-01,SE0000862997,BILL.ST,BILLERUD,SE,DELETE,610.0,589.0,BILL.ST
2025-05-01,DE0006766504,NDA.DE,AURUBIS,DE,DELETE,604.0,552.0,NAFG.DE
2025-05-01,IE0000669501,GL9.IR,GLANBIA,IE,ADD,598.0,628.0,GL9.I
2025-05-01,GB00B2NGPM57,PAGPA.L,Paragon Banking Group PLC,GB,ADD,597.0,627.0,PAGPA.L
2025-05-01,CY0200352116,FRO.OL,FRONTLINE,NO,ADD,590.0,611.0,FRO.OL
2025-05-01,SE0017780133,WALLb.ST,WALLENSTAM B,SE,ADD,588.0,607.0,WALLb.ST
2025-05-01,GB0004657408,MTO.L,MITIE GROUP,GB,ADD,586.0,649.0,MTO.L
2025-05-01,SE0007692850,CAMX.ST,CAMURUS,SE,ADD,581.0,602.0,CAMX.ST
2025-05-01,GB00B7KR2P84,EZJ.L,EASYJET,GB,ADD,575.0,603.0,EZJ.L
2025-05-01,GB00BNC5T391,ROO.L,DELIVEROO A,GB,ADD,554.0,666.0,ROO.L
2025-05-01,PLBIG0000016,MILP.WA,BANK MILLENNIUM,PL,DELETE,603.0,596.0,MILP.WA
2025-06-02,DE0005313704,AFX.DE,CARL ZEISS MEDITEC,DE,DELETE,610.0,576.0,AFXG.DE
2025-06-02,IM00B7S9G985,PTEC.L,PLAYTECH,GB,DELETE,837.0,522.0,PTEC.L
2025-06-02,FO0000000179,BAKKA.OL,BAKKAFROST,NO,DELETE,619.0,572.0,BAKKA.OL
2025-06-02,BE0003470755,SOLB.BR,SOLVAY,BE,DELETE,621.0,543.0,SOLB.BR
2025-06-02,AT000000STR1,STRV.VI,STRABAG,AT,DELETE,761.0,451.0,STRV.VI
2025-06-02,NL0012044747,RDC.DE,REDCARE PHARMACY,DE,DELETE,634.0,566.0,RDC.DE
2025-06-02,SE0007692850,CAMX.ST,CAMURUS,SE,DELETE,665.0,581.0,CAMX.ST
2025-06-02,GB00B3MBS747,OCDO.L,OCADO,GB,DELETE,633.0,600.0,OCDO.L
2025-06-02,CH0012142631,CLN.S,CLARIANT,CH,DELETE,608.0,599.0,CLN.S
2025-06-02,FR0013447729,VRLA.PA,VERALLIA,FR,DELETE,615.0,585.0,VRLA.PA
2025-06-02,DK0010234467,FLS.CO,FLSMIDTH & COMPANY,DK,ADD,595.0,649.0,FLS.CO
2025-06-02,ES0180907000,UNI.MC,UNICAJA BANCO S.A.,ES,ADD,593.0,626.0,UNI.MC
2025-06-02,DE000FTG1111,FTK.DE,FLATEXDEGIRO N,DE,ADD,592.0,622.0,FTKn.DE
2025-06-02,PLSOFTB00016,ACPP.WA,ASSECO POLAND,PL,ADD,586.0,627.0,ACPP.WA
2025-06-02,DE000A0D6554,NDX1.DE,NORDEX,DE,ADD,584.0,605.0,NDXG.DE
2025-06-02,GB0007973794,SRP.L,SERCO GRP,GB,ADD,579.0,602.0,SRP.L
2025-06-02,IT0005278236,PIRC.MI,PIRELLI & C. S.P.A.,IT,ADD,570.0,611.0,PIRC.MI
2025-06-02,GB0031215220,CCL.L,CARNIVAL,GB,ADD,556.0,618.0,CCL.L
2025-06-02,FR0013258662,AYV.PA,Ayvens,FR,ADD,541.0,609.0,AYV.PA
2025-06-02,GB00BNHSJN34,QLT.L,QUILTER,GB,ADD,600.0,617.0,QLT.L
2025-07-01,CH0239229302,SFSN.SW,SFS GROUP,CH,DELETE,604.0,578.0,SFSN.S
2025-07-01,SE0017780133,WALLb.ST,WALLENSTAM B,SE,DELETE,606.0,594.0,WALLb.ST
2025-07-01,SE0015671995,HEM.ST,HEMNET,SE,DELETE,609.0,560.0,HEM.ST
2025-07-01,DE000A0D6554,NDX1.DE,NORDEX,DE,DELETE,610.0,584.0,NDXG.DE
2025-07-01,SE0017161243,FNOX.ST,FORTNOX AB,SE,DELETE,891.0,424.0,FNOX.ST
2025-07-01,FR0013269123,RUBF.PA,RUBIS,FR,DELETE,617.0,598.0,RUBF.PA
2025-07-01,CY0200352116,FRO.OL,FRONTLINE,NO,DELETE,629.0,577.0,FRO.OL
2025-07-01,PLALIOR00045,ALRR.WA,ALIOR BANK,PL,DELETE,636.0,596.0,ALRR.WA
2025-07-01,GB0004657408,MTO.L,MITIE GROUP,GB,DELETE,613.0,564.0,MTO.L
2025-07-01,LU2910446546,ZAB.WA,ZABKA GROUP,PL,DELETE,601.0,582.0,ZAB.WA
2025-07-01,DE000FTG1111,FTK.DE,FLATEXDEGIRO N,DE,DELETE,603.0,592.0,FTKn.DE
2025-07-01,BE0974320526,UMI.BR,UMICORE,BE,ADD,596.0,686.0,UMI.BR
2025-07-01,CH0025536027,BCHN.SW,BURCKHARDT CMPSN.HLDG.,CH,ADD,595.0,622.0,BCHN.S
2025-07-01,LU1673108939,AT1.DE,AROUNDTOWN (FRA),DE,ADD,594.0,630.0,AT1.DE
2025-07-01,SE0022726485,BETSb.ST,BETSSON B,SE,ADD,593.0,607.0,BETSb.ST
2025-07-01,GB00BLDRH360,OSBO.L,OSB GROUP,GB,ADD,586.0,601.0,OSBO.L
2025-07-01,PLPGER000010,PGE.WA,PGE,PL,ADD,576.0,648.0,PGE.WA
2025-07-01,GB00BNTJ3546,ALLFG.AS,ALLFUNDS GROUP,NL,ADD,566.0,626.0,ALLFG.AS
2025-07-01,DE0006766504,NDA.DE,AURUBIS,DE,ADD,562.0,609.0,NAFG.DE
2025-07-01,GB0008085614,MGNS.L,MORGAN SINDALL GROUP,GB,ADD,561.0,617.0,MGNS.L
2025-07-01,FR0010282822,VU.PA,VUSIONGROUP,FR,ADD,600.0,667.0,VU.PA
2025-08-01,GB00B2NGPM57,PAGPA.L,Paragon Banking Group PLC,GB,DELETE,604.0,581.0,PAGPA.L
2025-08-01,GB0002869419,BYG.L,BIG YELLOW GROUP,GB,DELETE,605.0,574.0,BYG.L
2025-08-01,FR0010282822,VU.PA,VUSIONGROUP,FR,DELETE,673.0,600.0,VU.PA
2025-08-01,DE0005470405,LXS.DE,LANXESS,DE,DELETE,611.0,598.0,LXSG.DE
2025-08-01,SE0024171458,ASKER.ST,ASKER HEALTHCARE GROUP,SE,DELETE,617.0,588.0,ASKER.ST
2025-08-01,GB00B63QSB39,GRG.L,GREGGS,GB,DELETE,659.0,578.0,GRG.L
2025-08-01,DE0006969603,PUM.DE,PUMA,DE,DELETE,631.0,549.0,PUMG.DE
2025-08-01,IT0004056880,AMPF.MI,AMPLIFON,IT,DELETE,640.0,539.0,AMPF.MI
2025-08-01,FR0000121709,SEBF.PA,SEB,FR,DELETE,655.0,571.0,SEBF.PA
2025-08-01,SE0022726485,BETSb.ST,BETSSON B,SE,DELETE,663.0,593.0,BETSb.ST
2025-08-01,FR0000071946,LTEN.PA,ALTEN,FR,DELETE,602.0,584.0,LTEN.PA
2025-08-01,GB0001859296,VTYV.L,VISTRY GROUP,GB,DELETE,630.0,592.0,VTYV.L
2025-08-01,CH0014786500,VATN.SW,VALIANT,CH,ADD,599.0,623.0,VATN.S
2025-08-01,DE000FTG1111,FTK.DE,FLATEXDEGIRO N,DE,ADD,570.0,603.0,FTKn.DE
2025-08-01,CY0200352116,FRO.OL,FRONTLINE,NO,ADD,577.0,629.0,FRO.OL
2025-08-01,GB00B3MBS747,OCDO.L,OCADO,GB,ADD,582.0,691.0,OCDO.L
2025-08-01,DE000A0D6554,NDX1.DE,NORDEX,DE,ADD,529.0,610.0,NDXG.DE
2025-08-01,GB00BCRX1J15,JUSTJ.L,JUST GROUP,GB,ADD,543.0,703.0,JUSTJ.L
2025-08-01,DK0015998017,BAVA.CO,BAVARIAN NORDIC,DK,ADD,544.0,668.0,BAVA.CO
2025-08-01,NO0003028904,VENDA.OL,VEND MARKETPLACES A,NO,ADD,556.0,611.0,VENDA.OL
2025-08-01,NO0010209331,PROT.OL,PROTECTOR FORSIKRING,NO,ADD,542.0,602.0,PROT.OL
2025-08-01,FR0000127771,VIV.PA,VIVENDI,FR,ADD,564.0,607.0,VIV.PA
2025-08-01,FI4000571013,HIAB.HE,HIAB,FI,ADD,566.0,622.0,HIAB.HE
2025-08-01,CH1176493729,BANB.SW,BACHEM HOLDING,CH,ADD,573.0,638.0,BANB.S
2025-08-01,SE0007692850,CAMX.ST,CAMURUS,SE,ADD,576.0,615.0,CAMX.ST
2025-08-01,GB00BVGBY890,ZEG.L,ZEGONA COMMUNICATIONS,GB,ADD,560.0,640.0,ZEG.L
2025-09-02,GB00B7KR2P84,EZJ.L,EASYJET,GB,DELETE,608.0,600.0,EZJ.L
2025-09-02,IT0000784196,BPSI.MI,BCA POPOLARE DI SONDRIO,IT,DELETE,851.0,583.0,BPSI.MI
2025-09-02,DE000KSAG888,SDF.DE,K + S,DE,DELETE,641.0,584.0,SDFGn.DE
2025-09-02,PLCCC0000016,CCCP.WA,CCC SA,PL,DELETE,628.0,578.0,CCCP.WA
2025-09-02,GB0002652740,DLN.L,DERWENT LONDON,GB,DELETE,618.0,572.0,DLN.L
2025-09-02,IT0005278236,PIRC.MI,PIRELLI & C. S.P.A.,IT,DELETE,616.0,596.0,PIRC.MI
2025-09-02,CH1176493729,BANB.SW,BACHEM HOLDING,CH,DELETE,609.0,573.0,BANB.S
2025-09-02,ES0105777017,PUIGb.MC,PUIG BRANDS B,ES,DELETE,605.0,597.0,PUIGb.MC
2025-09-02,PLALIOR00045,ALRR.WA,ALIOR BANK,PL,ADD,600.0,609.0,ALRR.WA
2025-09-02,FR0000130403,DIOR.PA,CHRISTIAN DIOR,FR,ADD,599.0,623.0,DIOR.PA
2025-09-02,ES0137650018,FLUI.MC,FLUIDRA,ES,ADD,596.0,634.0,FLUI.MC
2025-09-02,FR0013176526,VLOF.PA,VALEO,FR,ADD,584.0,610.0,VLOF.PA
2025-09-02,DE0006969603,PUM.DE,PUMA,DE,ADD,579.0,631.0,PUMG.DE
2025-09-02,NO0003055501,NOD.OL,NORDIC SEMICONDUCTOR,NO,ADD,556.0,606.0,NOD.OL
2025-09-02,GB00BYRJ5J14,PHP.L,PRIMARY HEALTH PROPS.,GB,ADD,552.0,728.0,PHP.L
2025-09-02,FR0012333284,ABVX.PA,ABIVAX,FR,ADD,522.0,603.0,ABVX.PA
2025-09-02,GB0008085614,MGNS.L,MORGAN SINDALL GROUP,GB,DELETE,602.0,569.0,MGNS.L
2025-10-01,NO0003028904,VENDA.OL,VEND MARKETPLACES A,NO,DELETE,606.0,574.0,VENDA.OL
2025-10-01,ES0137650018,FLUI.MC,FLUIDRA,ES,DELETE,612.0,596.0,FLUI.MC
2025-10-01,CH0126673539,DKSH.SW,DKSH HOLDING,CH,DELETE,616.0,588.0,DKSH.S
2025-10-01,CH0025536027,BCHN.SW,BURCKHARDT CMPSN.HLDG.,CH,DELETE,618.0,565.0,BCHN.S
2025-10-01,BE0974400328,AZE.BR,AZELIS GROUP,BE,DELETE,620.0,590.0,AZE.BR
2025-10-01,GB00BP92CJ43,TATE.L,TATE & LYLE,GB,DELETE,647.0,580.0,TATE.L
2025-10-01,IT0003492391,DIAS.MI,DIASORIN,IT,DELETE,631.0,587.0,DIAS.MI
2025-10-01,CH0012100191,TECN.S,TECAN,CH,DELETE,634.0,583.0,TECN.S
2025-10-01,GB00B3MBS747,OCDO.L,OCADO,GB,DELETE,706.0,559.0,OCDO.L
2025-10-01,FI4000571013,HIAB.HE,HIAB,FI,DELETE,627.0,586.0,HIAB.HE
2025-10-01,IT0003115950,DLG.MI,DE LONGHI,IT,ADD,599.0,612.0,DLG.MI
2025-10-01,PLALIOR00045,ALRR.WA,ALIOR BANK,PL,DELETE,603.0,600.0,ALRR.WA
2025-10-01,JE00BF4X3P53,JTC.L,JTC GROUP,GB,ADD,556.0,610.0,JTC.L
2025-10-01,FR0013269123,RUBF.PA,RUBIS,FR,ADD,561.0,607.0,RUBF.PA
2025-10-01,CH0030380734,HUBN.SW,HUBER+SUHNER 'R',CH,ADD,569.0,617.0,HUBN.S
2025-10-01,LU2910446546,ZAB.WA,ZABKA GROUP,PL,ADD,570.0,601.0,ZAB.WA
2025-10-01,GB0008085614,MGNS.L,MORGAN SINDALL GROUP,GB,ADD,581.0,602.0,MGNS.L
2025-10-01,FR0010282822,VU.PA,VUSIONGROUP,FR,ADD,597.0,678.0,VU.PA
2025-10-01,PLTAURN00011,TPE.WA,TAURON,PL,ADD,586.0,619.0,TPE.WA
2025-10-01,GB0002869419,BYG.L,BIG YELLOW GROUP,GB,ADD,592.0,620.0,BYG.L
2025-10-01,PLCCC0000016,CCCP.WA,CCC SA,PL,ADD,593.0,628.0,CCCP.WA
2025-10-01,GB0001859296,VTYV.L,VISTRY GROUP,GB,ADD,595.0,615.0,VTYV.L
2025-10-01,LU0088087324,SESFd.PA,SES,LU,ADD,584.0,621.0,SESFd.PA
2025-11-03,NO0010209331,PROT.OL,PROTECTOR FORSIKRING,NO,DELETE,602.0,577.0,PROT.OL
2025-11-03,PLCCC0000016,CCCP.WA,CCC SA,PL,DELETE,664.0,593.0,CCCP.WA
2025-11-03,DE0006969603,PUM.DE,PUMA,DE,DELETE,641.0,588.0,PUMG.DE
2025-11-03,ES0184262212,VIS.MC,VISCOFAN,ES,DELETE,622.0,594.0,VIS.MC
2025-11-03,LU1072616219,BMEB.L,B&M EUROPEAN VALUE RETAIL,GB,DELETE,617.0,498.0,BMEB.L
2025-11-03,FR0010282822,VU.PA,VUSIONGROUP,FR,DELETE,616.0,597.0,VU.PA
2025-11-03,LU2910446546,ZAB.WA,ZABKA GROUP,PL,DELETE,605.0,570.0,ZAB.WA
2025-11-03,NO0006390301,MING.OL,SPAREBANK 1 SMN,NO,DELETE,604.0,590.0,MING.OL
2025-11-03,ES0183746314,VID.MC,VIDRALA,ES,DELETE,603.0,589.0,VID.MC
2025-11-03,PLALIOR00045,ALRR.WA,ALIOR BANK,PL,ADD,599.0,603.0,ALRR.WA
2025-11-03,CH0126673539,DKSH.SW,DKSH HOLDING,CH,ADD,594.0,616.0,DKSH.S
2025-11-03,FR0000071946,LTEN.PA,ALTEN,FR,ADD,598.0,608.0,LTEN.PA
2025-11-03,IT0005278236,PIRC.MI,PIRELLI & C. S.P.A.,IT,ADD,595.0,615.0,PIRC.MI
2025-11-03,SE0016101844,SINCH.ST,SINCH,SE,ADD,593.0,652.0,SINCH.ST
2025-11-03,PLBIG0000016,MILP.WA,BANK MILLENNIUM,PL,ADD,591.0,617.0,MILP.WA
2025-11-03,SE0014401378,ALIFb.ST,ADDLIFE,SE,ADD,588.0,651.0,ALIFb.ST
2025-11-03,ES0137650018,FLUI.MC,FLUIDRA,ES,ADD,578.0,612.0,FLUI.MC
2025-11-03,GB00BKDRYJ47,AAF.L,AIRTEL AFRICA PLC,GB,ADD,561.0,601.0,AAF.L
2025-11-03,GB0004657408,MTO.L,MITIE GROUP,GB,ADD,552.0,602.0,MTO.L
2025-11-03,CH0239229302,SFSN.SW,SFS GROUP,CH,ADD,600.0,611.0,SFSN.S
2025-12-01,NO0003055501,NOD.OL,NORDIC SEMICONDUCTOR,NO,DELETE,623.0,589.0,NOD.OL
2025-12-01,SE0014401378,ALIFb.ST,ADDLIFE,SE,DELETE,618.0,588.0,ALIFb.ST
2025-12-01,FR0000071946,LTEN.PA,ALTEN,FR,DELETE,620.0,598.0,LTEN.PA
2025-12-01,CH0239229302,SFSN.SW,SFS GROUP,CH,DELETE,624.0,600.0,SFSN.S
2025-12-01,LU1673108939,AT1.DE,AROUNDTOWN (FRA),DE,DELETE,604.0,592.0,AT1.DE
2025-12-01,DK0015998017,BAVA.CO,BAVARIAN NORDIC,DK,DELETE,635.0,553.0,BAVA.CO
2025-12-01,LU0088087324,SESFd.PA,SES,LU,DELETE,647.0,576.0,SESFd.PA
2025-12-01,SE0016101844,SINCH.ST,SINCH,SE,DELETE,667.0,593.0,SINCH.ST
2025-12-01,FR0000127771,VIV.PA,VIVENDI,FR,DELETE,666.0,581.0,VIV.PA
2025-12-01,PLPGER000010,PGE.WA,PGE,PL,DELETE,626.0,579.0,PGE.WA
2025-12-01,FR0000050809,SOPR.PA,SOPRA STERIA GROUP,FR,DELETE,603.0,597.0,SOPR.PA
2025-12-01,LU2910446546,ZAB.WA,ZABKA GROUP,PL,ADD,568.0,605.0,ZAB.WA
2025-12-01,GB00B7KR2P84,EZJ.L,EASYJET,GB,ADD,596.0,613.0,EZJ.L
2025-12-01,PLBNFTS00018,BFT.WA,BENEFIT SYSTEMS,PL,ADD,561.0,637.0,BFT.WA
2025-12-01,IT0005482333,TPRO.MI,TECHNOPROBE SPA,IT,ADD,574.0,685.0,TPRO.MI
2025-12-01,ES0132105018,ACX.MC,ACERINOX,ES,ADD,575.0,612.0,ACX.MC
2025-12-01,PLKETY000011,KTY.WA,KETY,PL,ADD,580.0,601.0,KTY.WA
2025-12-01,GB00BM8Q5M07,JD.L,JD SPORTS FASHION,GB,DELETE,602.0,539.0,JD.L
2025-12-01,NO0010209331,PROT.OL,PROTECTOR FORSIKRING,NO,ADD,585.0,602.0,PROT.OL
2025-12-01,NL0000337319,BAMN.AS,BAM GROEP KON.,NL,ADD,587.0,631.0,BAMN.AS
2025-12-01,GB00BV9FP302,CCC.L,COMPUTACENTER,GB,ADD,588.0,610.0,CCC.L
2025-12-01,ES0183746314,VID.MC,VIDRALA,ES,ADD,593.0,603.0,VID.MC
2025-12-01,CH0022268228,EFGN.SW,EFG INTERNATIONAL N,CH,ADD,583.0,621.0,EFGN.S
2026-01-02,DK0060946788,AMBUb.CO,AMBU 'B',DK,DELETE,602.0,595.0,AMBUb.CO
2026-01-02,ES0137650018,FLUI.MC,FLUIDRA,ES,DELETE,617.0,598.0,FLUI.MC
2026-01-02,IT0005278236,PIRC.MI,PIRELLI & C. S.P.A.,IT,DELETE,612.0,600.0,PIRC.MI
2026-01-02,CH1486524122,DOKA.SW,dorma+kaba,CH,DELETE,611.0,597.0,DOKA.S
2026-01-02,FR0000121121,EURA.PA,EURAZEO,FR,DELETE,608.0,586.0,EURA.PA
2026-01-02,PLKETY000011,KTY.WA,KETY,PL,DELETE,607.0,580.0,KTY.WA
2026-01-02,PLTAURN00011,TPE.WA,TAURON,PL,DELETE,605.0,566.0,TPE.WA
2026-01-02,GB0001859296,VTYV.L,VISTRY GROUP,GB,DELETE,604.0,578.0,VTYV.L
2026-01-02,GB00BV9FP302,CCC.L,COMPUTACENTER,GB,DELETE,603.0,588.0,CCC.L
2026-01-02,FR0000071946,LTEN.PA,ALTEN,FR,ADD,600.0,620.0,LTEN.PA
2026-01-02,NL0009432491,VOPA.AS,VOPAK,NL,DELETE,618.0,589.0,VOPA.AS
2026-01-02,NO0006390301,MING.OL,SPAREBANK 1 SMN,NO,ADD,594.0,609.0,MING.OL
2026-01-02,GB00BM8Q5M07,JD.L,JD SPORTS FASHION,GB,ADD,587.0,602.0,JD.L
2026-01-02,FR0000121147,FRVIA.PA,FORVIA,FR,ADD,583.0,611.0,FRVIA.PA
2026-01-02,DE000AUM0V10,AM3D.DE,AUMOVIO,DE,ADD,581.0,625.0,AMV0n.DE
2026-01-02,DE0006969603,PUM.DE,PUMA,DE,ADD,577.0,605.0,PUMG.DE
2026-01-02,NO0006000900,SBNOR.OL,SPAREBANKEN NORGE,NO,ADD,576.0,601.0,SBNOR.OL
2026-01-02,AT0000908504,VIG.VI,VIENNA INSURANCE,AT,ADD,571.0,680.0,VIGR.VI
2026-01-02,GB0004300496,PAFR.L,PAN AFRICAN RESOURCES,GB,ADD,567.0,633.0,PAFR.L
2026-01-02,FR0000050809,SOPR.PA,SOPRA STERIA GROUP,FR,ADD,557.0,603.0,SOPR.PA
2026-01-02,FO0000000179,BAKKA.OL,BAKKAFROST,NO,ADD,599.0,628.0,BAKKA.OL
2026-02-02,GB00BM8Q5M07,JD.L,JD SPORTS FASHION,GB,DELETE,603.0,587.0,JD.L
2026-02-02,GB00BYZDVK82,SCTS.L,SOFTCAT,GB,DELETE,606.0,597.0,SCTS.L
2026-02-02,CH0126673539,DKSH.SW,DKSH HOLDING,CH,DELETE,607.0,593.0,DKSH.S
2026-02-02,DE000AUM0V10,AM3D.DE,AUMOVIO,DE,DELETE,610.0,581.0,AMV0n.DE
2026-02-02,FR0000121204,MWDP.PA,WENDEL,FR,DELETE,611.0,590.0,MWDP.PA
2026-02-02,JE00BMDZN391,TCAPI.L,TP ICAP,GB,DELETE,613.0,592.0,TCAPI.L
2026-02-02,NL0011821392,LIGHT.AS,SIGNIFY,NL,DELETE,621.0,551.0,LIGHT.AS
2026-02-02,SE0006422390,THULE.ST,THULE GROUP,SE,DELETE,615.0,562.0,THULE.ST
2026-02-02,IT0005090300,INWT.MI,INWIT,IT,DELETE,616.0,584.0,INWT.MI
2026-02-02,NL0000337319,BAMN.AS,BAM GROEP KON.,NL,DELETE,601.0,563.0,BAMN.AS
2026-02-02,NO0006390301,MING.OL,SPAREBANK 1 SMN,NO,DELETE,622.0,594.0,MING.OL
2026-02-02,GB00BND88V85,BPTB.L,BRIDGEPOINT GROUP,GB,DELETE,625.0,598.0,BPTB.L
2026-02-02,GB00B7KR2P84,EZJ.L,EASYJET,GB,DELETE,628.0,591.0,EZJ.L
2026-02-02,LU2910446546,ZAB.WA,ZABKA GROUP,PL,DELETE,614.0,585.0,ZAB.WA
2026-02-02,IT0005278236,PIRC.MI,PIRELLI & C. S.P.A.,IT,ADD,599.0,612.0,PIRC.MI
2026-02-02,IT0004931058,MTCM.MI,MAIRE,IT,ADD,584.0,614.0,MTCM.MI
2026-02-02,CH1431598916,IFCN.SW,INFICON,CH,ADD,596.0,662.0,IFCN.S
2026-02-02,NL0009432491,VOPA.AS,VOPAK,NL,ADD,595.0,618.0,VOPA.AS
2026-02-02,GB0002652740,DLN.L,DERWENT LONDON,GB,ADD,588.0,609.0,DLN.L
2026-02-02,PLKETY000011,KTY.WA,KETY,PL,ADD,583.0,607.0,KTY.WA
2026-02-02,LU0088087324,SESFd.PA,SES,LU,ADD,581.0,648.0,SESFd.PA
2026-02-02,CH1176493729,BANB.SW,BACHEM HOLDING,CH,ADD,580.0,627.0,BANB.S
2026-02-02,CH0360826991,COTNE.SW,COMET HOLDINGS 'R',CH,ADD,574.0,678.0,COTNE.S
2026-02-02,GB0002074580,GNS.L,GENUS,GB,ADD,572.0,634.0,GNS.L
2026-02-02,DE000TKMS001,TKMS.DE,TKMS,DE,ADD,571.0,703.0,TKMS.DE
2026-02-02,GB00B1FW5029,HOCM.L,HOCHSCHILD MINING,GB,ADD,565.0,658.0,HOCM.L
2026-02-02,GB00BV9FP302,CCC.L,COMPUTACENTER,GB,ADD,564.0,603.0,CCC.L
2026-02-02,FR001400T0D6,CAN.L,CANAL+,GB,ADD,561.0,616.0,CAN.L
2026-02-02,PLTAURN00011,TPE.WA,TAURON,PL,ADD,542.0,605.0,TPE.WA
2026-02-02,FO0000000179,BAKKA.OL,BAKKAFROST,NO,DELETE,639.0,599.0,BAKKA.OL
2026-02-02,DE000KSAG888,SDF.DE,K + S,DE,ADD,597.0,621.0,SDFGn.DE
2026-02-02,IT0005366767,NEXII.MI,NEXI SPA,IT,DELETE,649.0,588.0,NEXII.MI
